Position,Company,Location,URL
Senior Python Engineer: Long-term job - 100% remote,Proxify AB,Anywhere in the World,https://weworkremotely.com/remote-jobs/proxify-ab-senior-python-engineer-long-term-job-100-remote
Full Stack Software Engineer (Python / Django / React),Trustworthy,Anywhere in the World,https://weworkremotely.com/remote-jobs/trustworthy-full-stack-software-engineer-python-django-react-1
Python Developer,lemon.io,Latin America Only/Europe Only/Canada Only,https://weworkremotely.com/remote-jobs/lemon-io-python-developer-3
Senior Open Source Developer & DevOps (Python  Django  React  AWS/OpenStack),OpenCraft,Anywhere in the World,https://weworkremotely.com/remote-jobs/opencraft-senior-open-source-developer-devops-python-django-react-aws-openstack
(Senior) Python Full Stack Software Developer,Optimile,Europe Only,https://weworkremotely.com/remote-jobs/optimile-senior-python-full-stack-software-developer
Senior Full-stack Engineer with Python,NannyML,Anywhere in the World,https://weworkremotely.com/remote-jobs/nannyml-senior-full-stack-engineer-with-python
Python Engineer (Web Scraping),Shake,Anywhere in the World,https://weworkremotely.com/remote-jobs/shake-python-engineer-web-scraping
Senior Software Engineer  Python,AssemblyAI (YC 17),Anywhere in the World,https://weworkremotely.com/remote-jobs/assemblyai-yc-17-senior-software-engineer-python
Python Platform Engineer,Doximity,Americas Only,https://weworkremotely.com/remote-jobs/doximity-python-platform-engineer
Développeur(e) de Python & Golang | Python & Golang Developer (Kubernetes),VEXXHOST  Inc.,Anywhere in the World,https://weworkremotely.com/remote-jobs/vexxhost-inc-developpeur-e-de-python-golang-python-golang-developer-kubernetes
Software Engineer in Test – Python – Cyprus  Greece or Remote ,XM,Anywhere in the World,https://weworkremotely.com/remote-jobs/xm-software-engineer-in-test-python-cyprus-greece-or-remote-1
INTERN / AI Research Intern(Biology)의 전체 세부 정보,카카오브레인,성남 분당구,https://kr.indeed.com/rc/clk?jk=4c8d6ffc493b6509&fccid=cba3dd38afc6edb8&vjs=3
Associate Consultant Intern의 전체 세부 정보,Mastercard,서울,https://kr.indeed.com/rc/clk?jk=acf53a07a0c4d06f&fccid=10b5c722d846df43&vjs=3
[외국계 스타트업 미소] Business Analyst Intern (정규직 전환형)의 전체 세부 정보,유한회사 미소,서울,https://kr.indeed.com/rc/clk?jk=4c25d6649f8434a8&fccid=02936474a8d39137&vjs=3
백엔드 개발자(Python)의 전체 세부 정보,NHN DATA,성남 판교역,https://kr.indeed.com/rc/clk?jk=e764b919165b8d3e&fccid=cc378bd7bc831eca&vjs=3
[양재역] 데이터분석(석박사급 R Python Matlab)의 전체 세부 정보,시니어앤파트너즈,서울 서초구,https://kr.indeed.com/rc/clk?jk=ce71e040d5a36470&fccid=59060ddcdf96b101&vjs=3
데이터분석 신입/경력 정규직의 전체 세부 정보,블록스퀘어서울,서울 서초구,https://kr.indeed.com/rc/clk?jk=88960e11c2cdd682&fccid=72348558bd9456ba&vjs=3
[선릉역] 데이터분석(석박사급 Matlab Python)의 전체 세부 정보,시니어앤파트너즈,서울 강남구,https://kr.indeed.com/rc/clk?jk=abe530ab20423080&fccid=59060ddcdf96b101&vjs=3
[NHN DATA] 백엔드 개발자(Python) 경력의 전체 세부 정보,엔에이치엔데이터,성남 분당구,https://kr.indeed.com/rc/clk?jk=fc8f55d611506428&fccid=71f9584e40c502d2&vjs=3
MBC 소프트웨어 개발 담당의 전체 세부 정보,문화방송,서울 마포구,https://kr.indeed.com/rc/clk?jk=c4d46c898454a0e8&fccid=3c09ef7790507811&vjs=3
웹개발  프론트엔드 신입/경력 계약직의 전체 세부 정보,뮤레파코리아,성남 수정구,https://kr.indeed.com/rc/clk?jk=f498a784c28d03bb&fccid=5fc71e9cbda0dfc6&vjs=3
2023년 한화시스템 석/박사 신입 및 경력 (SW분야)의 전체 세부 정보,한화시스템,성남 분당구,https://kr.indeed.com/rc/clk?jk=e4603e7e689c346f&fccid=46ba4635611e86ea&vjs=3
[EY한영] 컨설팅본부 DnA팀 인턴 채용 (프랑스어 능통자)의 전체 세부 정보,EY,서울 영등포구,https://kr.indeed.com/rc/clk?jk=d05e5d3e83280305&fccid=1544766d4c2915b0&vjs=3
[NAVER Cloud] MLOps 서비스 개발의 전체 세부 정보,네이버클라우드,성남 분당구,https://kr.indeed.com/rc/clk?jk=8f37288584b0ced5&fccid=54815931228b42c0&vjs=3
Wi-Fi 소프트웨어 엔지니어 (신입/경력)의 전체 세부 정보,인피니언코리아,성남 분당구,https://kr.indeed.com/rc/clk?jk=acf2807bdb4705cb&fccid=50debe8434cd12fc&vjs=3
2023년도 1차 직원의 전체 세부 정보,한국고용정보원,충청북도 음성,https://kr.indeed.com/rc/clk?jk=a7ac651b6dd863e0&fccid=0efa3bc2d14a4a9e&vjs=3
